,Date,Open,High,Low,Close,Adj Close,Volume,Week,Day_of_week
0,2019-12-26,71.20500183105469,72.49500274658203,71.17500305175781,72.47750091552734,71.85694122314453,93121200,52,4
1,2019-12-27,72.77999877929688,73.49250030517578,72.02999877929688,72.44999694824219,71.82967376708984,146266000,52,5
2,2019-12-30,72.36499786376953,73.17250061035156,71.30500030517578,72.87999725341797,72.25599670410156,144114400,1,1
3,2019-12-31,72.48249816894531,73.41999816894531,72.37999725341797,73.4124984741211,72.783935546875,100805600,1,2
4,2020-01-02,74.05999755859375,75.1500015258789,73.79750061035156,75.0875015258789,74.4446029663086,135480400,1,4
5,2020-01-03,74.2874984741211,75.1449966430664,74.125,74.35749816894531,73.72084045410156,146322800,1,5
6,2020-01-06,73.44750213623047,74.98999786376953,73.1875,74.94999694824219,74.30826568603516,118387200,2,1
7,2020-01-07,74.95999908447266,75.2249984741211,74.37000274658203,74.59750366210938,73.95879364013672,108872000,2,2
8,2020-01-08,74.29000091552734,76.11000061035156,74.29000091552734,75.79750061035156,75.14852142333984,132079200,2,3
9,2020-01-09,76.80999755859375,77.60749816894531,76.55000305175781,77.40750122070312,76.7447280883789,170108400,2,4
10,2020-01-10,77.6500015258789,78.1675033569336,77.0625,77.5824966430664,76.91822052001953,140644800,2,5
11,2020-01-13,77.91000366210938,79.26750183105469,77.7874984741211,79.23999786376953,78.56153106689453,121532000,3,1
12,2020-01-14,79.17500305175781,79.39250183105469,78.0425033569336,78.16999816894531,77.50070190429688,161954400,3,2
13,2020-01-15,77.9625015258789,78.875,77.38749694824219,77.83499908447266,77.16856384277344,121923600,3,3
14,2020-01-16,78.39749908447266,78.92500305175781,78.02249908447266,78.80999755859375,78.13522338867188,108829200,3,4
15,2020-01-17,79.06749725341797,79.68499755859375,78.75,79.68250274658203,79.000244140625,137816400,3,5
16,2020-01-21,79.29750061035156,79.75499725341797,79.0,79.14250183105469,78.46488189697266,110843200,4,2
17,2020-01-22,79.6449966430664,79.99749755859375,79.32749938964844,79.42500305175781,78.74495697021484,101832400,4,3
18,2020-01-23,79.4800033569336,79.88999938964844,78.9124984741211,79.80750274658203,79.12418365478516,104472000,4,4
19,2020-01-24,80.0625,80.8324966430664,79.37999725341797,79.57749938964844,78.89614868164062,146537600,4,5
20,2020-01-27,77.51499938964844,77.94249725341797,76.22000122070312,77.23750305175781,76.57618713378906,161940000,5,1
21,2020-01-28,78.1500015258789,79.5999984741211,78.04750061035156,79.42250061035156,78.74247741699219,162234000,5,2
22,2020-01-29,81.11250305175781,81.9625015258789,80.34500122070312,81.08499908447266,80.3907470703125,216229200,5,3
23,2020-01-30,80.13500213623047,81.02249908447266,79.6875,80.96749877929688,80.27424621582031,126743200,5,4
24,2020-01-31,80.23249816894531,80.66999816894531,77.07250213623047,77.37750244140625,76.7149887084961,199588400,5,5
25,2020-02-03,76.07499694824219,78.37249755859375,75.55500030517578,77.16500091552734,76.50431060791016,173985600,6,1
26,2020-02-04,78.82749938964844,79.91000366210938,78.40750122070312,79.7125015258789,79.02999877929688,136616400,6,2
27,2020-02-05,80.87999725341797,81.19000244140625,79.73750305175781,80.36250305175781,79.6744384765625,118826800,6,3
28,2020-02-06,80.64250183105469,81.30500030517578,80.06500244140625,81.30249786376953,80.60638427734375,105425600,6,4
29,2020-02-07,80.59249877929688,80.8499984741211,79.5,80.00749969482422,79.51072692871094,117684000,6,5
30,2020-02-10,78.54499816894531,80.38749694824219,78.4625015258789,80.38749694824219,79.88835906982422,109348800,7,1
31,2020-02-11,80.9000015258789,80.9749984741211,79.67749786376953,79.90249633789062,79.4063720703125,94323200,7,2
32,2020-02-12,80.36750030517578,81.80500030517578,80.36750030517578,81.80000305175781,81.29209899902344,113730400,7,3
33,2020-02-13,81.04750061035156,81.55500030517578,80.8375015258789,81.21749877929688,80.71321868896484,94747600,7,4
34,2020-02-14,81.18499755859375,81.49500274658203,80.7125015258789,81.23750305175781,80.73308563232422,80113600,7,5
35,2020-02-18,78.83999633789062,79.9375,78.65249633789062,79.75,79.25482177734375,152531200,8,2
36,2020-02-19,80.0,81.14250183105469,80.0,80.90499877929688,80.40264892578125,93984000,8,3
37,2020-02-20,80.65750122070312,81.1624984741211,79.55249786376953,80.07499694824219,79.57780456542969,100566000,8,4
38,2020-02-21,79.65499877929688,80.11250305175781,77.625,78.26249694824219,77.77655792236328,129554000,8,5
39,2020-02-24,74.31500244140625,76.04499816894531,72.30750274658203,74.54499816894531,74.08214569091797,222195200,9,1
40,2020-02-25,75.23750305175781,75.63249969482422,71.53250122070312,72.0199966430664,71.57282257080078,230673600,9,2
41,2020-02-26,71.63249969482422,74.47000122070312,71.625,73.1624984741211,72.70822143554688,198054800,9,3
42,2020-02-27,70.2750015258789,71.5,68.23999786376953,68.37999725341797,67.9554214477539,320605600,9,4
43,2020-02-28,64.31500244140625,69.60250091552734,64.09249877929688,68.33999633789062,67.91566467285156,426884800,9,5
44,2020-03-02,70.56999969482422,75.36000061035156,69.43000030517578,74.70249938964844,74.23866271972656,341397200,10,1
45,2020-03-03,75.9175033569336,76.0,71.44999694824219,72.33000183105469,71.88089752197266,319475600,10,2
46,2020-03-04,74.11000061035156,75.8499984741211,73.28250122070312,75.68499755859375,75.2150650024414,219178400,10,3
47,2020-03-05,73.87999725341797,74.88749694824219,72.85250091552734,73.2300033569336,72.77530670166016,187572800,10,4
48,2020-03-06,70.5,72.70500183105469,70.30750274658203,72.25749969482422,71.80884552001953,226176800,10,5
49,2020-03-09,65.9375,69.52249908447266,65.75,66.5425033569336,66.12933349609375,286744800,11,1
50,2020-03-10,69.28500366210938,71.61000061035156,67.34249877929688,71.33499908447266,70.89207458496094,285290000,11,2
51,2020-03-11,69.34750366210938,70.30500030517578,67.96499633789062,68.85749816894531,68.4299545288086,255598800,11,3
52,2020-03-12,63.98500061035156,67.5,62.0,62.057498931884766,61.672176361083984,418474000,11,4
53,2020-03-13,66.22250366210938,69.9800033569336,63.23749923706055,69.49250030517578,69.0610122680664,370732000,11,5
54,2020-03-16,60.48749923706055,64.7699966430664,60.0,60.5525016784668,60.1765251159668,322423600,12,1
55,2020-03-17,61.87749862670898,64.40249633789062,59.59999847412109,63.21500015258789,62.82249069213867,324056000,12,2
56,2020-03-18,59.942501068115234,62.5,59.27999877929688,61.66749954223633,61.28459930419922,300233600,12,3
57,2020-03-19,61.84749984741211,63.209999084472656,60.65250015258789,61.19499969482422,60.815032958984375,271857200,12,4
58,2020-03-20,61.79499816894531,62.95750045776367,57.0,57.310001373291016,56.95415496826172,401693200,12,5
59,2020-03-23,57.02000045776367,57.125,53.15250015258789,56.09249877929688,55.74421691894531,336752800,13,1
60,2020-03-24,59.09000015258789,61.92250061035156,58.57500076293945,61.720001220703125,61.33677291870117,287531200,13,2
61,2020-03-25,62.6875,64.5625,61.07500076293945,61.380001068115234,60.99888610839844,303602000,13,3
62,2020-03-26,61.630001068115234,64.66999816894531,61.59000015258789,64.61000061035156,64.20883178710938,252087200,13,4
63,2020-03-27,63.1875,63.96749877929688,61.76250076293945,61.935001373291016,61.550437927246094,204216800,13,5
64,2020-03-30,62.685001373291016,63.880001068115234,62.34999847412109,63.70249938964844,63.30696105957031,167976400,14,1
65,2020-03-31,63.900001525878906,65.62249755859375,63.0,63.5724983215332,63.17776870727539,197002000,14,2
66,2020-04-01,61.625,62.18000030517578,59.782501220703125,60.227500915527344,59.8535385131836,176218400,14,3
67,2020-04-02,60.084999084472656,61.28749847412109,59.22499847412109,61.23249816894531,60.852294921875,165934000,14,4
68,2020-04-03,60.70000076293945,61.42499923706055,59.74250030517578,60.352500915527344,59.97776794433594,129880000,14,5
69,2020-04-06,62.72499847412109,65.77749633789062,62.345001220703125,65.61750030517578,65.21006774902344,201820400,15,1
70,2020-04-07,67.69999694824219,67.92500305175781,64.75,64.85749816894531,64.45479583740234,202887200,15,2
71,2020-04-08,65.68499755859375,66.84249877929688,65.30750274658203,66.51750183105469,66.10448455810547,168895200,15,3
72,2020-04-09,67.17500305175781,67.51750183105469,66.17500305175781,66.99749755859375,66.58150482177734,162116400,15,4
73,2020-04-13,67.07749938964844,68.42500305175781,66.4574966430664,68.3125,67.88833618164062,131022800,16,1
74,2020-04-14,70.0,72.0625,69.51249694824219,71.76249694824219,71.31690979003906,194994800,16,2
75,2020-04-15,70.5999984741211,71.5824966430664,70.15750122070312,71.10749816894531,70.66598510742188,131154400,16,3
76,2020-04-16,71.84500122070312,72.05000305175781,70.5875015258789,71.67250061035156,71.22747039794922,157125200,16,4
77,2020-04-17,71.17250061035156,71.73750305175781,69.21499633789062,70.69999694824219,70.26101684570312,215250000,16,5
78,2020-04-20,69.48750305175781,70.41999816894531,69.2125015258789,69.23249816894531,68.80261993408203,130015200,17,1
79,2020-04-21,69.06999969482422,69.3125,66.35749816894531,67.09249877929688,66.67591094970703,180991600,17,2
80,2020-04-22,68.40249633789062,69.4749984741211,68.05000305175781,69.0250015258789,68.5964126586914,117057200,17,3
81,2020-04-23,68.96749877929688,70.4375,68.71749877929688,68.75749969482422,68.33058166503906,124814400,17,4
82,2020-04-24,69.30000305175781,70.75250244140625,69.25,70.74250030517578,70.30325317382812,126508800,17,5
83,2020-04-27,70.44999694824219,71.13500213623047,69.98750305175781,70.7925033569336,70.35294342041016,117087600,18,1
84,2020-04-28,71.2699966430664,71.4574966430664,69.55000305175781,69.6449966430664,69.21255493164062,112004800,18,2
85,2020-04-29,71.18250274658203,72.4175033569336,70.97250366210938,71.93250274658203,71.4858627319336,137280800,18,3
86,2020-04-30,72.48999786376953,73.63249969482422,72.0875015258789,73.44999694824219,72.99393463134766,183064000,18,4
87,2020-05-01,71.5625,74.75,71.4625015258789,72.26750183105469,71.81878662109375,240616800,18,5
88,2020-05-04,72.2925033569336,73.42250061035156,71.58000183105469,73.29000091552734,72.83493041992188,133568000,19,1
89,2020-05-05,73.76499938964844,75.25,73.61499786376953,74.38999938964844,73.9281005859375,147751200,19,2
90,2020-05-06,75.11499786376953,75.80999755859375,74.71749877929688,75.15750122070312,74.69084167480469,142333600,19,3
91,2020-05-07,75.80500030517578,76.2925033569336,75.49250030517578,75.93499755859375,75.46350860595703,115215200,19,4
92,2020-05-08,76.41000366210938,77.5875015258789,76.07250213623047,77.53250122070312,77.25967407226562,134048000,19,5
93,2020-05-11,77.0250015258789,79.26249694824219,76.80999755859375,78.75250244140625,78.47537231445312,145946400,20,1
94,2020-05-12,79.4574966430664,79.92250061035156,77.72750091552734,77.85250091552734,77.57853698730469,162301200,20,2
95,2020-05-13,78.0374984741211,78.98750305175781,75.80249786376953,76.9124984741211,76.64185333251953,200622400,20,3
96,2020-05-14,76.12750244140625,77.44750213623047,75.38249969482422,77.38500213623047,77.11268615722656,158929200,20,4
97,2020-05-15,75.0875015258789,76.9749984741211,75.05249786376953,76.92749786376953,76.65679168701172,166348400,20,5
98,2020-05-18,78.2925033569336,79.125,77.58000183105469,78.73999786376953,78.4629135131836,135372400,21,1
99,2020-05-19,78.75749969482422,79.62999725341797,78.25250244140625,78.28500366210938,78.009521484375,101729600,21,2
100,2020-05-20,79.16999816894531,79.87999725341797,79.12999725341797,79.80750274658203,79.52666473388672,111504800,21,3
101,2020-05-21,79.66500091552734,80.22250366210938,78.96749877929688,79.2125015258789,78.93375396728516,102688800,21,4
102,2020-05-22,78.94249725341797,79.80750274658203,78.8375015258789,79.72250366210938,79.44196319580078,81803200,21,5
103,2020-05-26,80.875,81.05999755859375,79.125,79.18250274658203,78.90386199951172,125522000,22,2
104,2020-05-27,79.03500366210938,79.67749786376953,78.27249908447266,79.52749633789062,79.24764251708984,112945200,22,3
105,2020-05-28,79.19249725341797,80.86000061035156,78.90750122070312,79.5625,79.28252410888672,133560800,22,4
106,2020-05-29,79.8125,80.2874984741211,79.11750030517578,79.48500061035156,79.2052993774414,153598000,22,5
107,2020-06-01,79.4375,80.5875015258789,79.30249786376953,80.4625015258789,80.17935943603516,80791200,23,1
108,2020-06-02,80.1875,80.86000061035156,79.73249816894531,80.83499908447266,80.55054473876953,87642800,23,2
109,2020-06-03,81.16500091552734,81.55000305175781,80.57499694824219,81.27999877929688,80.99398040771484,104491200,23,3
110,2020-06-04,81.09750366210938,81.40499877929688,80.19499969482422,80.58000183105469,80.29644775390625,87560400,23,4
111,2020-06-05,80.8375015258789,82.9375,80.80750274658203,82.875,82.5833740234375,137250400,23,5
112,2020-06-08,82.5625,83.4000015258789,81.83000183105469,83.36499786376953,83.07164001464844,95654400,24,1
113,2020-06-09,83.03500366210938,86.40249633789062,83.00250244140625,85.99749755859375,85.69487762451172,147712400,24,2
114,2020-06-10,86.9749984741211,88.69249725341797,86.52249908447266,88.20999908447266,87.89958953857422,166651600,24,3
115,2020-06-11,87.32749938964844,87.76499938964844,83.87000274658203,83.9749984741211,83.67949676513672,201662400,24,4
116,2020-06-12,86.18000030517578,86.94999694824219,83.55500030517578,84.69999694824219,84.40194702148438,200146000,24,5
117,2020-06-15,83.3125,86.41999816894531,83.1449966430664,85.74749755859375,85.44575500488281,138808800,25,1
118,2020-06-16,87.86499786376953,88.30000305175781,86.18000030517578,88.0199966430664,87.71025848388672,41357200,25,2
119,2020-06-17,88.7874984741211,88.8499984741211,87.77249908447266,87.89749908447266,87.58819580078125,28532000,25,3
120,2020-06-18,87.85250091552734,88.36250305175781,87.30500030517578,87.93250274658203,87.62307739257812,24205100,25,4
121,2020-06-19,88.66000366210938,89.13999938964844,86.2874984741211,87.43000030517578,87.1223373413086,66119000,25,5
122,2020-06-22,87.83499908447266,89.86499786376953,87.7874984741211,89.71749877929688,89.40178680419922,33861300,26,1
123,2020-06-23,91.0,93.09500122070312,90.56749725341795,91.63249969482422,91.31005096435548,53038900,26,2
124,2020-06-24,91.25,92.19750213623048,89.62999725341797,90.01499938964844,89.6982421875,48155800,26,3
125,2020-06-25,90.1750030517578,91.25,89.39250183105469,91.20999908447266,90.8890380859375,34380600,26,4
126,2020-06-26,91.10250091552734,91.33000183105467,88.25499725341797,88.40750122070312,88.09640502929688,51270100,26,5
127,2020-06-29,88.3125,90.5425033569336,87.81999969482422,90.44499969482422,90.1267318725586,130646000,27,1
128,2020-06-30,90.0199966430664,91.49500274658205,90.0,91.1999969482422,90.87906646728516,140223200,27,2
129,2020-07-01,91.27999877929688,91.83999633789062,90.97750091552734,91.02749633789062,90.7071762084961,110737200,27,3
130,2020-07-02,91.9625015258789,92.61750030517578,90.91000366210938,91.02749633789062,90.7071762084961,114041600,27,4
131,2020-07-06,92.5,93.94499969482422,92.46749877929688,93.4625015258789,93.13361358642578,118655600,28,1
132,2020-07-07,93.85250091552734,94.65499877929688,93.05750274658205,93.17250061035156,92.84463500976562,112424400,28,2
133,2020-07-08,94.18000030517578,95.375,94.08999633789062,95.34249877929688,95.00699615478516,117092000,28,3
134,2020-07-09,96.2624969482422,96.31749725341795,94.67250061035156,95.75250244140624,95.41555786132812,125642800,28,4
135,2020-07-10,95.33499908447266,95.9800033569336,94.70500183105467,95.91999816894533,95.58246612548828,90257200,28,5
136,2020-07-13,97.26499938964844,99.95500183105467,95.25749969482422,95.47750091552734,95.14152526855467,191649200,29,1
137,2020-07-14,94.83999633789062,97.25499725341795,93.87750244140624,97.05750274658205,96.7159652709961,170989200,29,2
138,2020-07-15,98.98999786376952,99.24749755859376,96.48999786376952,97.7249984741211,97.38111114501952,153198000,29,3
139,2020-07-16,96.5625,97.40499877929688,95.90499877929688,96.52249908447266,96.18284606933594,110577600,29,4
140,2020-07-17,96.9875030517578,97.14749908447266,95.83999633789062,96.32749938964844,95.98853302001952,92186800,29,5
141,2020-07-20,96.4175033569336,98.5,96.0625,98.35749816894533,98.01139068603516,90318000,30,1
142,2020-07-21,99.17250061035156,99.25,96.74250030517578,97.0,96.65866088867188,103646000,30,2
143,2020-07-22,96.69249725341795,97.9749984741211,96.60250091552734,97.27249908447266,96.9301986694336,89001600,30,3
144,2020-07-23,96.99749755859376,97.07749938964844,92.01000213623048,92.84500122070312,92.5182876586914,197004400,30,4
145,2020-07-24,90.9875030517578,92.97000122070312,89.1449966430664,92.61499786376952,92.28909301757812,185438800,30,5
146,2020-07-27,93.70999908447266,94.90499877929688,93.4800033569336,94.80999755859376,94.4763641357422,121214000,31,1
147,2020-07-28,94.36750030517578,94.5500030517578,93.24749755859376,93.25250244140624,92.92435455322266,103625600,31,2
148,2020-07-29,93.75,95.2300033569336,93.7125015258789,95.04000091552734,94.70555877685548,90329200,31,3
149,2020-07-30,94.1875,96.29750061035156,93.76750183105467,96.19000244140624,95.8515167236328,158130000,31,4
150,2020-07-31,102.88500213623048,106.41500091552734,100.8249969482422,106.26000213623048,105.8860855102539,374336800,31,5
151,2020-08-03,108.1999969482422,111.6374969482422,107.89250183105467,108.9375,108.5541534423828,308151200,32,1
152,2020-08-04,109.13249969482422,110.79000091552734,108.3874969482422,109.66500091552734,109.2790985107422,173071600,32,2
153,2020-08-05,109.37750244140624,110.39250183105467,108.89749908447266,110.0625,109.6751937866211,121992000,32,3
154,2020-08-06,110.40499877929688,114.4124984741211,109.79750061035156,113.90249633789062,113.50167846679688,202428800,32,4
155,2020-08-07,113.20500183105467,113.6750030517578,110.2925033569336,111.1125030517578,110.92113494873048,198045600,32,5
156,2020-08-10,112.5999984741211,113.7750015258789,110.0,112.72750091552734,112.53335571289062,212403600,33,1
157,2020-08-11,111.97000122070312,112.48249816894533,109.10749816894533,109.375,109.1866226196289,187902400,33,2
158,2020-08-12,110.49749755859376,113.2750015258789,110.29750061035156,113.01000213623048,112.81536865234376,165944800,33,3
159,2020-08-13,114.43000030517578,116.0425033569336,113.92749786376952,115.01000213623048,114.81192016601562,210082000,33,4
160,2020-08-14,114.83000183105467,115.0,113.04499816894533,114.90750122070312,114.70960235595705,165565200,33,5
161,2020-08-17,116.0625,116.0875015258789,113.9625015258789,114.60749816894533,114.4101104736328,119561600,34,1
162,2020-08-18,114.35250091552734,116.0,114.00749969482422,115.5625,115.36347198486328,105633600,34,2
163,2020-08-19,115.98249816894533,117.1624984741211,115.61000061035156,115.7074966430664,115.50821685791016,145538000,34,3
164,2020-08-20,115.75,118.39250183105467,115.73249816894533,118.2750015258789,118.07129669189452,126907200,34,4
165,2020-08-21,119.2624969482422,124.86750030517578,119.25,124.37000274658205,124.15579986572266,338054800,34,5
166,2020-08-24,128.69749450683594,128.78500366210938,123.9375,125.85749816894533,125.64073944091795,345937600,35,1
167,2020-08-25,124.69750213623048,125.18000030517578,123.05249786376952,124.8249969482422,124.61001586914062,211495600,35,2
168,2020-08-26,126.18000030517578,126.99250030517578,125.0824966430664,126.52249908447266,126.30459594726562,163022400,35,3
169,2020-08-27,127.14250183105467,127.48500061035156,123.8324966430664,125.01000213623048,124.7947006225586,155552400,35,4
170,2020-08-28,126.0124969482422,126.44249725341795,124.57749938964844,124.80750274658205,124.5925521850586,187630000,35,5
171,2020-08-31,127.58000183105467,131.0,126.0,129.0399932861328,128.8177490234375,225702700,36,1
172,2020-09-01,132.75999450683594,134.8000030517578,130.52999877929688,134.17999267578125,133.9488983154297,152470100,36,2
173,2020-09-02,137.58999633789062,137.97999572753906,127.0,131.39999389648438,131.17369079589844,200119000,36,3
174,2020-09-03,126.91000366210938,128.83999633789062,120.5,120.87999725341795,120.67180633544922,257599600,36,4
175,2020-09-04,120.06999969482422,123.6999969482422,110.88999938964844,120.95999908447266,120.75167083740234,332607200,36,5
176,2020-09-08,113.9499969482422,118.98999786376952,112.68000030517578,112.81999969482422,112.62569427490234,231366600,37,2
177,2020-09-09,117.26000213623048,119.13999938964844,115.26000213623048,117.31999969482422,117.1179428100586,176940500,37,3
178,2020-09-10,120.36000061035156,120.5,112.5,113.48999786376952,113.29454040527344,182274400,37,4
179,2020-09-11,114.56999969482422,115.2300033569336,110.0,112.0,111.8071060180664,180860300,37,5
180,2020-09-14,114.72000122070312,115.93000030517578,112.8000030517578,115.36000061035156,115.16131591796876,140150100,38,1
181,2020-09-15,118.33000183105467,118.83000183105467,113.61000061035156,115.54000091552734,115.34101104736328,184642000,38,2
182,2020-09-16,115.2300033569336,116.0,112.04000091552734,112.12999725341795,111.93688201904295,154679000,38,3
183,2020-09-17,109.72000122070312,112.1999969482422,108.70999908447266,110.33999633789062,110.14996337890624,178011000,38,4
184,2020-09-18,110.4000015258789,110.87999725341795,106.08999633789062,106.83999633789062,106.65599060058594,287104900,38,5
185,2020-09-21,104.54000091552734,110.19000244140624,103.0999984741211,110.08000183105467,109.89041137695312,195713800,39,1
186,2020-09-22,112.68000030517578,112.86000061035156,109.16000366210938,111.80999755859376,111.617431640625,183055400,39,2
187,2020-09-23,111.62000274658205,112.11000061035156,106.7699966430664,107.12000274658205,106.93550872802734,150718700,39,3
188,2020-09-24,105.16999816894533,110.25,105.0,108.22000122070312,108.03361511230467,167743300,39,4
189,2020-09-25,108.43000030517578,112.44000244140624,107.66999816894533,112.27999877929688,112.0866241455078,149981400,39,5
190,2020-09-28,115.01000213623048,115.31999969482422,112.77999877929688,114.95999908447266,114.7620086669922,137672400,40,1
191,2020-09-29,114.5500030517578,115.30999755859376,113.56999969482422,114.08999633789062,113.89350128173828,99382200,40,2
192,2020-09-30,113.79000091552734,117.26000213623048,113.62000274658205,115.80999755859376,115.61054229736328,142675200,40,3
193,2020-10-01,117.63999938964844,117.72000122070312,115.83000183105467,116.79000091552734,116.58885955810548,116120400,40,4
194,2020-10-02,112.88999938964844,115.37000274658205,112.22000122070312,113.0199966430664,112.82534790039062,144712000,40,5
195,2020-10-05,113.91000366210938,116.6500015258789,113.5500030517578,116.5,116.29935455322266,106243800,41,1
196,2020-10-06,115.6999969482422,116.12000274658205,112.25,113.16000366210938,112.9651107788086,161498200,41,2
197,2020-10-07,114.62000274658205,115.5500030517578,114.12999725341795,115.08000183105467,114.88180541992188,96849000,41,3
198,2020-10-08,116.25,116.4000015258789,114.58999633789062,114.97000122070312,114.77198791503906,83477200,41,4
199,2020-10-09,115.27999877929688,117.0,114.91999816894533,116.97000122070312,116.76854705810548,100506900,41,5
200,2020-10-12,120.05999755859376,125.18000030517578,119.27999877929688,124.4000015258789,124.18575286865234,240226800,42,1
201,2020-10-13,125.2699966430664,125.38999938964844,119.6500015258789,121.0999984741211,120.89143371582033,262330500,42,2
202,2020-10-14,121.0,123.02999877929688,119.62000274658205,121.19000244140624,120.98127746582033,151062300,42,3
203,2020-10-15,118.72000122070312,121.1999969482422,118.1500015258789,120.70999908447266,120.50210571289062,112559200,42,4
204,2020-10-16,121.27999877929688,121.5500030517578,118.80999755859376,119.0199966430664,118.81501007080078,115393800,42,5
205,2020-10-19,119.95999908447266,120.41999816894533,115.66000366210938,115.9800033569336,115.7802505493164,120639300,43,1
206,2020-10-20,116.1999969482422,118.9800033569336,115.62999725341795,117.51000213623048,117.3076171875,124423700,43,2
207,2020-10-21,116.66999816894533,118.70999908447266,116.4499969482422,116.87000274658205,116.6687240600586,89946000,43,3
208,2020-10-22,117.4499969482422,118.04000091552734,114.58999633789062,115.75,115.55064392089844,101988000,43,4
209,2020-10-23,116.38999938964844,116.5500030517578,114.27999877929688,115.04000091552734,114.84187316894533,82572600,43,5
210,2020-10-26,114.01000213623048,116.5500030517578,112.87999725341795,115.0500030517578,114.8518524169922,111850700,44,1
211,2020-10-27,115.48999786376952,117.27999877929688,114.54000091552734,116.5999984741211,116.39917755126952,92276800,44,2
212,2020-10-28,115.0500030517578,115.43000030517578,111.0999984741211,111.1999969482422,111.00847625732422,143937800,44,3
213,2020-10-29,112.37000274658205,116.93000030517578,112.1999969482422,115.31999969482422,115.1213836669922,146129200,44,4
214,2020-10-30,111.05999755859376,111.98999786376952,107.72000122070312,108.86000061035156,108.67251586914062,190272600,44,5
215,2020-11-02,109.11000061035156,110.68000030517578,107.31999969482422,108.7699966430664,108.5826644897461,122866900,45,1
216,2020-11-03,109.66000366210938,111.48999786376952,108.7300033569336,110.44000244140624,110.24979400634766,107624400,45,2
217,2020-11-04,114.13999938964844,115.58999633789062,112.3499984741211,114.9499969482422,114.75202178955078,138235500,45,3
218,2020-11-05,117.9499969482422,119.62000274658205,116.87000274658205,119.02999877929688,118.8249969482422,126387100,45,4
219,2020-11-06,118.31999969482422,119.1999969482422,116.12999725341795,118.69000244140624,118.69000244140624,114457900,45,5
220,2020-11-09,120.5,121.98999786376952,116.0500030517578,116.31999969482422,116.31999969482422,154515300,46,1
221,2020-11-10,115.5500030517578,117.58999633789062,114.12999725341795,115.97000122070312,115.97000122070312,138023400,46,2
222,2020-11-11,117.19000244140624,119.62999725341795,116.44000244140624,119.48999786376952,119.48999786376952,112295000,46,3
223,2020-11-12,119.62000274658205,120.52999877929688,118.56999969482422,119.20999908447266,119.20999908447266,103162300,46,4
224,2020-11-13,119.44000244140624,119.66999816894533,117.87000274658205,119.26000213623048,119.26000213623048,81581900,46,5
225,2020-11-16,118.91999816894533,120.98999786376952,118.1500015258789,120.3000030517578,120.3000030517578,91183000,47,1
226,2020-11-17,119.5500030517578,120.66999816894533,118.95999908447266,119.38999938964844,119.38999938964844,74271000,47,2
227,2020-11-18,118.61000061035156,119.81999969482422,118.0,118.02999877929688,118.02999877929688,76322100,47,3
228,2020-11-19,117.58999633789062,119.05999755859376,116.80999755859376,118.63999938964844,118.63999938964844,74113000,47,4
229,2020-11-20,118.63999938964844,118.7699966430664,117.29000091552734,117.33999633789062,117.33999633789062,73604300,47,5
230,2020-11-23,117.18000030517578,117.62000274658205,113.75,113.8499984741211,113.8499984741211,127959300,48,1
231,2020-11-24,113.91000366210938,115.8499984741211,112.58999633789062,115.16999816894533,115.16999816894533,113874200,48,2
232,2020-11-25,115.5500030517578,116.75,115.16999816894533,116.02999877929688,116.02999877929688,76499200,48,3
233,2020-11-27,116.56999969482422,117.48999786376952,116.22000122070312,116.58999633789062,116.58999633789062,46691300,48,5
234,2020-11-30,116.97000122070312,120.97000122070312,116.80999755859376,119.0500030517578,119.0500030517578,169410200,49,1
235,2020-12-01,121.01000213623048,123.47000122070312,120.01000213623048,122.72000122070312,122.72000122070312,128166800,49,2
236,2020-12-02,122.0199966430664,123.37000274658205,120.88999938964844,123.08000183105467,123.08000183105467,89004200,49,3
237,2020-12-03,123.5199966430664,123.77999877929688,122.20999908447266,122.94000244140624,122.94000244140624,78967600,49,4
238,2020-12-04,122.5999984741211,122.86000061035156,121.5199966430664,122.25,122.25,78260400,49,5
239,2020-12-07,122.30999755859376,124.56999969482422,122.25,123.75,123.75,86712000,50,1
240,2020-12-08,124.37000274658205,124.9800033569336,123.08999633789062,124.37999725341795,124.37999725341795,82225500,50,2
241,2020-12-09,124.52999877929688,125.9499969482422,121.0,121.77999877929688,121.77999877929688,115089200,50,3
242,2020-12-10,120.5,123.87000274658205,120.1500015258789,123.23999786376952,123.23999786376952,81312200,50,4
243,2020-12-11,122.43000030517578,122.76000213623048,120.5500030517578,122.41000366210938,122.41000366210938,86939800,50,5
244,2020-12-14,122.5999984741211,123.3499984741211,121.54000091552734,121.77999877929688,121.77999877929688,79184500,51,1
245,2020-12-15,124.33999633789062,127.9000015258789,124.12999725341795,127.87999725341795,127.87999725341795,157572300,51,2
246,2020-12-16,127.41000366210938,128.3699951171875,126.55999755859376,127.80999755859376,127.80999755859376,98208600,51,3
247,2020-12-17,128.89999389648438,129.5800018310547,128.0399932861328,128.6999969482422,128.6999969482422,94359800,51,4
248,2020-12-18,128.9600067138672,129.10000610351562,126.12000274658205,126.66000366210938,126.66000366210938,192541500,51,5
249,2020-12-21,125.0199966430664,128.30999755859375,123.4499969482422,128.22999572753906,128.22999572753906,121251600,52,1
250,2020-12-22,131.61000061035156,134.41000366210938,129.64999389648438,131.8800048828125,131.8800048828125,168904800,52,2
251,2020-12-23,132.16000366210938,132.42999267578125,130.77999877929688,130.9600067138672,130.9600067138672,88223700,52,3
252,2020-12-24,131.32000732421875,133.4600067138672,131.10000610351562,131.97000122070312,131.97000122070312,54930100,52,4
